INSERT INTO "Games"
    ("GameId", "GameStarted", "PublicGame", "IconImage", "NumberOfQuestions", "CreatorId", "Upvotes")
VALUES
    ('KICKSTARTER', true, true, 'EDGY', 129, 'Creator', 32);

INSERT INTO "Questions"
    ("GameId", "QuestionStr")
VALUES
    ('KICKSTARTER', 'Hvem er morsomst?'),
    ('KICKSTARTER', 'Hvem tror selv den er morsomst?'),
    ('KICKSTARTER', 'Hvem har størst kjendisfaktor?'),
    ('KICKSTARTER', 'Hvem har søtest familie?'),
    ('KICKSTARTER', 'Hvem har hatt sex med flest yngre?'),
    ('KICKSTARTER', 'Hvem kunne hatt sex med flest i klassen?'),
    ('KICKSTARTER', 'Hvem er mest opptatt av utsjånaden?'),
    ('KICKSTARTER', 'Hvem er mest fornøyd med eiga utsjånad?'),
    ('KICKSTARTER', 'Hvem komme raskast?'),
    ('KICKSTARTER', 'Hvem har minst penis?'),
    ('KICKSTARTER', 'Hvem er størst i kjeften?'),
    ('KICKSTARTER', 'Hvem er mest overlegen?'),
    ('KICKSTARTER', 'Hvem er mest sporty?'),
    ('KICKSTARTER', 'Hvem har hatt sex med flest?'),
    ('KICKSTARTER', 'Hvem har hatt flest orgasmar?'),
    ('KICKSTARTER', 'Hvem er mest vill?'),
    ('KICKSTARTER', 'Hvem har best kropp?'),
    ('KICKSTARTER', 'Hvem er mest spontan?'),
    ('KICKSTARTER', 'Hvem er mest uskyldige?'),
    ('KICKSTARTER', 'Hvem laga dei sjukaste lydene i senga?'),
    ('KICKSTARTER', 'Hvem ler mest i timen?'),
    ('KICKSTARTER', 'Hvem har finast antrekk?'),
    ('KICKSTARTER', 'Hvem smisker mest med læreren?'),
    ('KICKSTARTER', 'Hvem har mest spennende rumpe?'),
    ('KICKSTARTER', 'Hvem kunne prostituert seg?'),
    ('KICKSTARTER', 'Hvem stirrer mest i timene?'),
    ('KICKSTARTER', 'Hvem er den mest voldelige jenta?'),
    ('KICKSTARTER', 'Hvem spiser mest?'),
    ('KICKSTARTER', 'Hvem har diggest pupper?'),
    ('KICKSTARTER', 'Hvem vil du danse med i kveld?'),
    ('KICKSTARTER', 'Hvilken jente er mest bro?'),
    ('KICKSTARTER', 'Hvilken gutt får du vakrast barn saman med?'),
    ('KICKSTARTER', 'Hvem har du et lite mye til?'),
    ('KICKSTARTER', 'Hvem har shava og er forberedt på alt?'),
    ('KICKSTARTER', 'Hvem hadde vært den beste telefonselgeren?'),
    ('KICKSTARTER', 'Hvem er den største fylliken?'),
    ('KICKSTARTER', 'Hvilken gutt får du vakrest barn med?'),
    ('KICKSTARTER', 'Hvem er den beste til å kysse?'),
    ('KICKSTARTER', 'Hvem ler mest i timen?'),
    ('KICKSTARTER', 'Har lyst å komme i buksa på i kveld?'),
    ('KICKSTARTER', 'Hvem blir raskast sjalu?'),
    ('KICKSTARTER', 'Hvem ligner mest på en taco?'),
    ('KICKSTARTER', 'Hvem har hatt sex med flest eldre?'),
    ('KICKSTARTER', 'Hvem har hatt trekant?'),
    ('KICKSTARTER', 'Hvem har hatt sex med flest årskull?'),
    ('KICKSTARTER', 'Hvem er mest flørtete?'),
    ('KICKSTARTER', 'Hvem er hyggeligst?'),
    ('KICKSTARTER', 'Hvem snakker mest engelsk?'),
    ('KICKSTARTER', 'Hvem er mest desperat etter å miste jomfrudommen?'),
    ('KICKSTARTER', 'Hvem er den vakreste i rommet?'),
    ('KICKSTARTER', 'Hvem stoler du mest på?'),
    ('KICKSTARTER', 'Hvem tar med seg nåken heim i kveld?'),
    ('KICKSTARTER', 'Hvem får kjæreste i år?'),
    ('KICKSTARTER', 'Hvem blir gravid først?'),
    ('KICKSTARTER', 'Hvem spyr i kveld?'),
    ('KICKSTARTER', 'Hvem slutta på studiet?'),
    ('KICKSTARTER', 'Hvem blir mest drita i kveld?'),
    ('KICKSTARTER', 'Hvem blir pappa først?'),
    ('KICKSTARTER', 'Hvem gifta seg først?'),
    ('KICKSTARTER', 'Hvem har finast lepper?'),
    ('KICKSTARTER', 'Hvem burde vært elevråd?'),
    ('KICKSTARTER', 'Hvem burde ikke vært elevråd?'),
    ('KICKSTARTER', 'Hvem er minst?'),
    ('KICKSTARTER', 'Hvem er mest langsint?'),
    ('KICKSTARTER', 'Hvem mest sannsynlig til å prøve anal?'),
    ('KICKSTARTER', 'Hvem mest sannsynlig lebisk/homofil?'),
    ('KICKSTARTER', 'Hvem kunne hatt sex me samme kjønn, uten å være homofil?'),
    ('KICKSTARTER', 'Hvem er tøffest?'),
    ('KICKSTARTER', 'Hvem lyser opp rommet?'),
    ('KICKSTARTER', 'Hvem har runka mest?'),
    ('KICKSTARTER', 'Hvem tar seg mest på brysta?'),
    ('KICKSTARTER', 'Hvem ser mest på porno?'),
    ('KICKSTARTER', 'Hvem finger mest?'),
    ('KICKSTARTER', 'Hvem drikker raskast?'),
    ('KICKSTARTER', 'Hvem gifter seg for penger?'),
    ('KICKSTARTER', 'Hvem tar plastisk operasjon?'),
    ('KICKSTARTER', 'Hvem tar farligst forbikjøringer?'),
    ('KICKSTARTER', 'Hvem hat gjort mest for å vinne et veddemål?'),
    ('KICKSTARTER', 'Hvem ender opp som kriminell?'),
    ('KICKSTARTER', 'Hvem har blitt pumpa?'),
    ('KICKSTARTER', 'Hvem er den beste sjåføren?'),
    ('KICKSTARTER', 'Hvem handler mest på salg?'),
    ('KICKSTARTER', 'Hvem er jomfru lengst?'),
    ('KICKSTARTER', 'Hvem ville du vært på en øde øy med?'),
    ('KICKSTARTER', 'Hvem er det største talentet?'),
    ('KICKSTARTER', 'Hvem er minst flink til å bruke prevensjon?'),
    ('KICKSTARTER', 'Hvem slutter på studiet'),
    ('KICKSTARTER', 'Hvem har mest kinky sex?'),
    ('KICKSTARTER', 'Hvem har en kjønnssykdom akkurat nå?'),
    ('KICKSTARTER', 'Hvem har hatt flest orgasmer?'),
    ('KICKSTARTER', 'Hvem sprer mest rykter?'),
    ('KICKSTARTER', 'Hvem er dagens 0?'),
    ('KICKSTARTER', 'Hvem er gravid akkurat nå?'),
    ('KICKSTARTER', 'Hvem har shavet og er forberedt på alt?'),
    ('KICKSTARTER', 'Hvem har klippekort på abortklinikken?'),
    ('KICKSTARTER', 'Hvem er mest sannsynlig til å ha trekant med tvillinger?'),
    ('KICKSTARTER', 'Hvem er mest ubesluttsom?'),
    ('KICKSTARTER', 'Hvem er en golddigger?'),
    ('KICKSTARTER', 'Hvem har du lyst å komme i buksa på i kveld?'),
    ('KICKSTARTER', 'Hvem er mest kåt?'),
    ('KICKSTARTER', 'Hvem får du vakrest barn med?'),
    ('KICKSTARTER', 'Hvem er mest hang imorgen?'),
    ('KICKSTARTER', 'Hvem har blitt pumpa?'),
    ('KICKSTARTER', 'Hvem bruker mest tid på å shave pikken/fitta?'),
    ('KICKSTARTER', 'Hvem er mest fuckboy?'),
    ('KICKSTARTER', 'Hvem lager de sykeste lydene i senga?'),
    ('KICKSTARTER', 'Hvem er mest luremus?'),
    ('KICKSTARTER', 'Hvem har de sykeste fetishene?'),
    ('KICKSTARTER', 'Hvem er mest fornøyd med eget utseende?'),
    ('KICKSTARTER', 'Hvem ser mest på porno?'),
    ('KICKSTARTER', 'Hvem fingrer mest?'),
    ('KICKSTARTER', 'Hvem spyr ikveld?'),
    ('KICKSTARTER', 'Hvem havner på rommet til hosten med noen ikveld?'),
    ('KICKSTARTER', 'Hvem er mest sjalu?'),
    ('KICKSTARTER', 'Hvem tar mest drugs?'),
    ('KICKSTARTER', 'Hvem har spenstige tits?'),
    ('KICKSTARTER', 'Hvem snakker minst?'),
    ('KICKSTARTER', 'Hvem gir mest til veldedighet?'),
    ('KICKSTARTER', 'Hvem spurter den mest massive cumshoten?'),
    ('KICKSTARTER', 'Hvem får klamma i øyet av den mest massive cumshoten?'),
    ('KICKSTARTER', 'Hvem dauver av kreft?'),
    ('KICKSTARTER', 'Hvem hadde sex sist?'),
    ('KICKSTARTER', 'Hvem runker mest?'),
    ('KICKSTARTER', 'Hvem har thiccest ass?'),
    ('KICKSTARTER', 'Hvem kommer raskest?'),
    ('KICKSTARTER', 'Hvem kom i puberteten sist?'),
    ('KICKSTARTER', 'Hvem har størst pikk?'),
    ('KICKSTARTER', 'Hvem driver mest blasfemi?'),
    ('KICKSTARTER', 'Hvem blir forelder først?'),
    ('KICKSTARTER', 'Hvem vinner Farmen?'),
    ('KICKSTARTER', 'Hvem kramper neste år?'),
    ('KICKSTARTER', 'Hvem har du et godt øye til?'),
    ('KICKSTARTER', 'Hvem har hatt det vanskeligste livet?'),
    ('KICKSTARTER', 'Hvem er mest lilla?'),
    ('KICKSTARTER', 'Hvem er mest desp?'),
    ('KICKSTARTER', 'Hvem griner mest?'),
    ('KICKSTARTER', 'Hvem blir sendt ut av Ex on The Beach av Padden?'),
    ('KICKSTARTER', 'Hvem er dårligst på å holde hemmeligheter?'),
    ('KICKSTARTER', 'Hvem er hyggeligere enn de ser ut som?'),
    ('KICKSTARTER', 'Hvem er den største nevemagneten?'),
    ('KICKSTARTER', 'Hvem er største snaphora?'),
    ('KICKSTARTER', 'Hvem klår mest?'),
    ('KICKSTARTER', 'Hvem bryr seg minst om hvem de hooker med?'),
    ('KICKSTARTER', 'Hvem mista jomfrudommen først?'),
    ('KICKSTARTER', 'Hvem vil du se naken?'),
    ('KICKSTARTER', 'Hvem tar seg mest på puppene sine?'),
    ('KICKSTARTER', 'Hvem har flest psykiske lidelser?'),
    ('KICKSTARTER', 'Hvem skaper mest drama i hotellet?'),
    ('KICKSTARTER', 'Hvem savner RT mest?'),
    ('KICKSTARTER', 'Hvem investerer mest aksjer?'),
    ('KICKSTARTER', 'Hvem dauver av overdose?'),
    ('KICKSTARTER', 'Hvem har dårligst humor?'),
    ('KICKSTARTER', 'Hvem ødelegger mest?'),
    ('KICKSTARTER', 'Hvem er mest sannsynlig til å spille inn porno film?'),
    ('KICKSTARTER', 'Hvem hadde banga broren/søsteren sin?'),
    ('KICKSTARTER', 'Hvem er mest dramaqueen?'),
    ('KICKSTARTER', 'Hvem har mange soveplasser?'),
    ('KICKSTARTER', 'Hvem gifter seg med en som har gått på BI?');


INSERT INTO "Games"
    ("GameId", "GameStarted", "PublicGame", "IconImage", "NumberOfQuestions", "CreatorId", "Upvotes")
VALUES
    ('LETT VORS', true, true, 'DIRTY', 60, 'Creator', 25);

INSERT INTO "Questions"
    ("GameId", "QuestionStr")
VALUES
    ('LETT VORS', 'Hvem lager de gøyeste vorsene?'),
    ('LETT VORS', 'Hvem bruker mest penger på byen?'),
    ('LETT VORS', 'Hvem har finest kjønnsorgan?'),
    ('LETT VORS', 'Hvem er mest harry?'),
    ('LETT VORS', 'Hvem er mest dirty?'),
    ('LETT VORS', 'Hvem har sykeste fetishen?'),
    ('LETT VORS', 'Hvem gir snusboksen videre med et kyss?'),
    ('LETT VORS', 'Hvem er alltid med på fylla?'),
    ('LETT VORS', 'Hvem kjører mest brannbil?'),
    ('LETT VORS', 'Hvem er mest luremus?'),
    ('LETT VORS', 'Hvem mistet jomfrudommen først?'),
    ('LETT VORS', 'Hvem mistet jomfrudommen sist?'),
    ('LETT VORS', 'Hvem har flest sexleketøy?'),
    ('LETT VORS', 'Hvem kunne kjøpt sex?'),
    ('LETT VORS', 'Hvem har mest sexy antrekk?'),
    ('LETT VORS', 'Hvem gir best rimjob?'),
    ('LETT VORS', 'Hvem sender flest nudes?'),
    ('LETT VORS', 'Hvem mottar flest nudes?'),
    ('LETT VORS', 'Hvem har en dilf/milf?'),
    ('LETT VORS', 'Hvem har sexet flest fra Tinder?'),
    ('LETT VORS', 'Hvem svelger alltid?'),
    ('LETT VORS', 'Hvem kommer flest ganger i løpet av en økt?'),
    ('LETT VORS', 'Hvem har flest ONS?'),
    ('LETT VORS', 'Hvem har sugd en hund for 100.000 kr?'),
    ('LETT VORS', 'Hvem blir ferdig på 2 minutter?'),
    ('LETT VORS', 'Hvem svetter mest under sex?'),
    ('LETT VORS', 'Hvem har hatt sex med flest?'),
    ('LETT VORS', 'Hvem er festens sugeguri?'),
    ('LETT VORS', 'Hvem er festens slikkerolf?'),
    ('LETT VORS', 'Hvem vil du komme i buksa på i kveld?'),
    ('LETT VORS', 'Hvem sovner under sex?'),
    ('LETT VORS', 'Hvem liker BDSM?'),
    ('LETT VORS', 'Hvem er mest kreativ i loppekassa?'),
    ('LETT VORS', 'Hvem jobber mest på byen?'),
    ('LETT VORS', 'Hvem er best å ha sex med i rommet?'),
    ('LETT VORS', 'Hvem får mest oppmerksomhet på byen?'),
    ('LETT VORS', 'Hvem får oftest whiskydick?'),
    ('LETT VORS', 'Hvem blir mest ulik seg selv på fylla?'),
    ('LETT VORS', 'Hvem chugger raskest?'),
    ('LETT VORS', 'Hvem blir mest rejecta på byen?'),
    ('LETT VORS', 'Hvem shotter mest?'),
    ('LETT VORS', 'Hvem er beste wingman/woman?'),
    ('LETT VORS', 'Hvem er villest på vors?'),
    ('LETT VORS', 'Hvem barberer seg sjeldnest?'),
    ('LETT VORS', 'Hvem er vorsets kamasutra?'),
    ('LETT VORS', 'Hvem har onanert før vors?'),
    ('LETT VORS', 'Hvem har sugd den mest massive black anaconda''en?'),
    ('LETT VORS', 'Hvem går alltid tilbake til exen?'),
    ('LETT VORS', 'Hvem er kåtest i rommet?'),
    ('LETT VORS', 'Hvem kunne meldt seg på Ex on the Beach?'),
    ('LETT VORS', 'Hvem er lettest på tråden?'),
    ('LETT VORS', 'Hvem deler sexlivet sitt med alle?'),
    ('LETT VORS', 'Hvem faker flest orgasmer?'),
    ('LETT VORS', 'Hvem er høylytt i sengen?'),
    ('LETT VORS', 'Hvem får oftest fylleangst?'),
    ('LETT VORS', 'Hvem er den største goldiggeren?'),
    ('LETT VORS', 'Hvem er den største cougaren?'),
    ('LETT VORS', 'Hvem ville sexet faren/moren til en venn?'),
    ('LETT VORS', 'Hvem kunne solgt brukte truser på nett?'),
    ('LETT VORS', 'Hvem shopper flest angrepiller?'),
    ('LETT VORS', 'Hvem er oftest å se på helsestasjonen?'),
    ('LETT VORS', 'Hvem loker mest rundt på Pornhub?'),
    ('LETT VORS', 'Hvem bruker buttpluggen flittigst?'),
    ('LETT VORS', 'Hvem er minst kresen?'),
    ('LETT VORS', 'Hvem ble utestengt under en trekant?');    


INSERT INTO "Games"
    ("GameId", "GameStarted", "PublicGame", "IconImage", "NumberOfQuestions", "CreatorId", "Upvotes")
VALUES
    ('ICEBREAKER', true, true, 'EDGY', 42, 'Creator', 20);


INSERT INTO "Questions"
    ("GameId", "QuestionStr")
VALUES
    ('ICEBREAKER', 'Alle tar en skål for VOOOORS?'),
    ('ICEBREAKER', 'Den laveste begynner?'),
    ('ICEBREAKER', 'Hvem er den høyeste du har pult?'),
    ('ICEBREAKER', 'Hva er din favoritt sex stilling?'),
    ('ICEBREAKER', 'Hva er din verste sex historie?'),
    ('ICEBREAKER', 'Bit den til høyre i øret på en sexy måte?'),
    ('ICEBREAKER', 'Lag en stønnelyd du tror partneren din ville likt i sengen?'),
    ('ICEBREAKER', 'Jeg har aldri crushet på en i rommet?'),
    ('ICEBREAKER', 'Jeg har aldri sett på Gay porn?'),
    ('ICEBREAKER', 'Jeg har aldri blitt fersket i å runke eller fingre?'),
    ('ICEBREAKER', 'Jeg har aldri vært polesister med en god venn?'),
    ('ICEBREAKER', 'Jeg har aldri rotet med mer enn 1 person på en kveld?'),
    ('ICEBREAKER', 'Jeg har aldri hatt sex med noen mer enn 5 år eldre enn meg selv?'),
    ('ICEBREAKER', 'Jeg har aldri hatt planer om å hooke med noen i dette rommet i kveld?'),
    ('ICEBREAKER', 'Jeg har aldri vært utro?'),
    ('ICEBREAKER', 'Jeg har aldri blitt kåt av paradise hotel?'),
    ('ICEBREAKER', 'Jeg har aldri tatt noen sin jomfrudom?'),
    ('ICEBREAKER', 'Pek på den du tror er mest fornøyd med eget utseende?'),
    ('ICEBREAKER', 'Pek på den du tror er best i sengen?'),
    ('ICEBREAKER', 'Pek på den du tror har hatt flest one night stands?'),
    ('ICEBREAKER', 'Pek på den du tror er shavet og klar for alt?'),
    ('ICEBREAKER', 'Pek på den du tror er flinkest til å synge?'),
    ('ICEBREAKER', 'Pek på den du tror onanerer mest?'),
    ('ICEBREAKER', 'Pek på den du tror har runket flest?'),
    ('ICEBREAKER', 'Pek på den du tror har de rareste fetishene?'),
    ('ICEBREAKER', 'Pek på den som har dårligst selvinnsikt?'),
    ('ICEBREAKER', 'Pek på den som blir verst i fylla?'),
    ('ICEBREAKER', 'Hvem er rikest?'),
    ('ICEBREAKER', 'Hvem er mest fink pike/flink gutt?'),
    ('ICEBREAKER', 'Hvem var den forrige Quiz masteren hadde sex med?'),
    ('ICEBREAKER', 'Hvem er den dummeste?'),
    ('ICEBREAKER', 'Hvor mange har den 3. til venstre for QuizMaster hatt sex med?'),
    ('ICEBREAKER', 'Hvor mye har QuizMaster drukket i dag?'),
    ('ICEBREAKER', 'Hvem var den største taperen som barn?'),
    ('ICEBREAKER', 'Hvem var den mest populære på barneskolen?'),
    ('ICEBREAKER', 'Hvem er mest uheldig med dagens outfit?'),
    ('ICEBREAKER', 'Hvem blir mest fjortisfull?'),
    ('ICEBREAKER', 'Har hull i ørene?'),
    ('ICEBREAKER', 'Har pult over 5 stk?'),
    ('ICEBREAKER', 'Eier en bunad?'),
    ('ICEBREAKER', 'Har mørkt hår?'),
    ('ICEBREAKER', 'Er blond?'),
    ('ICEBREAKER', 'Har en fetish?');


INSERT INTO
    "Devices"("Id", "UserDeviceId")
VALUES
    (11, '0v4cnqi2ufhyp7kj2mf3hf5jc'),
    (12, '1wm9tk4tn4ckvv1uja9kgnzvd'),
    (13, '0xezloj0tep0hl3qhaeese5b7'),
    (14, 'tt88gmqwbddxx3uxqs99t5lfc'),
    (15, 'a0lp267aupe16pu4zwt0qmjbp'),
    (16, 'xfi3izh1aq94o47jycuvw4rh5'),
    (17, 'tyg5dbn7xq3x9hfisnjcax6qb'),
    (18, 'bda2khcohri49gvgebvti4zvx'),
    (19, 'w37iefq673iod0a6y0hasy2q5'),
    (20, 'x87sqxikyeagldabp0vpgh0iu'),
    (21, '6x8koqbkzwzeqvunuqxb5b2oh'),
    (22, 'ctlcj6z7x33wsjzkxn1y1qhii'),
    (23, 'jo7611rg7s88un322luyy6x0t'),
    (24, 'jy76kknox4hnmovpo8plal55j'),
    (25, 'poo0ryodi4u8yth8finsc7xgn'),
    (26, 'uuu76z4cqbrc73t0e9m5je0do'),
    (27, 'gqx7kyk32n618wkmu9fdc5afb'),
    (28, 'ujyc1ltc3nv4han5dhh1hkqdb'),
    (29, 'jnpr4jbb7vugvrwccrabq2mtc'),
    (30, '5jpqzaqsggusyrh9zaueykrgp'),
    (31, 'ehn8mrogxa8wpjdo5a1cb1k5k'),
    (32, '20wcojkvba2uvgqxlu370s3to'),
    (33, '5asjwmqx7uhfr8c39fy0uc1hq'),
    (34, 'zkehpf5hvi7pqzakhg9at3vlj'),
    (35, '1jt6iv3gb9a63voh7z4t6pvdw'),
    (36, 'cs5u4u1oufs37wtrt6qfvlcis'),
    (37, 'bt1gcxm69ufdrvxdi2a6akeef'),
    (38, 'dl62ttlpeahqs7r4s074qf7ei'),
    (39, 'zzmf9q60o7jv1qa3t3t90giem'),
    (40, '610z6sxlfuqa1bv9crxsf4vtc'),
    (41, 'z8rb4ln07pjj11j53yp4q6xod'),
    (42, 'ers6nabqhssqnlgf3mmbmntfr'),
    (43, 'pld5f8jh4rpdt2zhsy7t82lgs'),
    (44, 'fi7j5k3dlypfyxn9g0xwz25qo'),
    (45, 'q7o3jz26s0fo3yrsm2q1nq4pi'),
    (46, '0n67jqyjaggik62wxzdvbyo4r'),
    (47, 'fnojfzh9jrrxy8a35wt00v2fj'),
    (48, '8g5lxkx4yafp8up9l3h1erfrd'),
    (49, 'th8j51eejwpv6vvsk5ir4crme'),
    (50, 'haqgo3p9r4diad1stew64xvxt'),
    (51, 'wodqphz1ltp9v23kkn7dj41nu'),
    (52, 'hxneuuwii6yvkd3gj6024jt1d'),
    (53, 'd1cwaruur7heudaw0ivi1x9w5'),
    (54, 'pnjwy5zb34tdre2hdsu8xipxd'),
    (55, '5wobdzmgdjc2c7kb7eo4yjirp'),
    (56, 'mqodszbzbkgj7xfknavmfpvqy'),
    (57, 'nwos7lrv254bcy6vjj78pnk0x'),
    (58, 'c9491jypnkdgs2930jm3v8gwo'),
    (59, 'icv1i67b3gznn1dqucql5e4a2'),
    (60, 'scsq77nefwjeuy2mgc3iz9oa5'),
    (61, 'zzcgpbcflev6bz85im6055myp'),
    (62, 'bf1fie9qvcxkwzwcxghbaho5o'),
    (63, 'yoc0dvwdygc0zwi2ebjp9wr0v'),
    (64, 'g2ckpsgix5uqc9ztsdyn84m3a'),
    (65, 'wdo1jq259j97u8qoxinuvqwk6'),
    (66, '0rqz5s358vbltz1s8ot4moy0x'),
    (67, 'nqifmue87pzip4476e1nts5h4'),
    (68, 'dskufrge25g595r8mhafexk6o'),
    (69, '0jky4a77kfmyyh079qqokujw6'),
    (70, 'wlz372g6p2sn3y4u159kuorpm'),
    (71, '4w70111v8hxzmz2d3qkdk39af'),
    (72, '9xti509kiygpl8dab6fakmvq2'),
    (73, '3r2qop4flg7lnk11qc9xz6r2m'),
    (74, 'j9evwfwsy85ce2t9rc5p1c5m4'),
    (75, 'agnz45kxk0stkmmb1fwbhnxat'),
    (76, 'psog5k8wvcyaoql3dd4ozt496'),
    (77, 'lh1vut0jt9ywgpcpfplw7nqto'),
    (78, '2xv9n82l019bc6fehx7sew4j6'),
    (79, 'tkbtoram5biio9yeci9ebtd86'),
    (80, '6e82ghq1z0ua9d34ma9lsfvcc'),
    (81, 'pqz9vf9q3l6uiawdpxrcw6iqa'),
    (82, 'ent07zdtqe79wrfs1czd4xq4l'),
    (83, 'u4rk2bnyxnxp4bekjhktkkiob'),
    (84, 'aq2k8xh68ezl8669ljbrg6dq8'),
    (85, 'qogwonqtgg2me5xvsz29mpp4h'),
    (86, 'nwgpxc3irkwn92rgmnozt00nc'),
    (87, 'xjkpk9mf7qrmcj91k2fz3arwq');