INSERT INTO "Games"
    ("GameId", "GameStarted", "PublicGame", "IconImage", "NumberOfQuestions", "CreatorId")
VALUES
    ('Kickstarter', true, true, 'EDGY', 129, 'Creator');

INSERT INTO "Questions"
    ("GameId", "QuestionStr")
VALUES
    ('Kickstarter', 'Hvem er morsomst?'),
    ('Kickstarter', 'Hvem tror selv den er morsomst?'),
    ('Kickstarter', 'Hvem har størst kjendisfaktor?'),
    ('Kickstarter', 'Hvem har søtest familie?'),
    ('Kickstarter', 'Hvem har hatt sex med flest yngre?'),
    ('Kickstarter', 'Hvem kunne hatt sex med flest i klassen?'),
    ('Kickstarter', 'Hvem er mest opptatt av utsjånaden?'),
    ('Kickstarter', 'Hvem er mest fornøyd med eiga utsjånad?'),
    ('Kickstarter', 'Hvem komme raskast?'),
    ('Kickstarter', 'Hvem har minst penis?'),
    ('Kickstarter', 'Hvem er størst i kjeften?'),
    ('Kickstarter', 'Hvem er mest overlegen?'),
    ('Kickstarter', 'Hvem er mest sporty?'),
    ('Kickstarter', 'Hvem har hatt sex med flest?'),
    ('Kickstarter', 'Hvem har hatt flest orgasmar?'),
    ('Kickstarter', 'Hvem er mest vill?'),
    ('Kickstarter', 'Hvem har best kropp?'),
    ('Kickstarter', 'Hvem er mest spontan?'),
    ('Kickstarter', 'Hvem er mest uskyldige?'),
    ('Kickstarter', 'Hvem laga dei sjukaste lydene i senga?'),
    ('Kickstarter', 'Hvem ler mest i timen?'),
    ('Kickstarter', 'Hvem har finast antrekk?'),
    ('Kickstarter', 'Hvem smisker mest med læreren?'),
    ('Kickstarter', 'Hvem har mest spennende rumpe?'),
    ('Kickstarter', 'Hvem kunne prostituert seg?'),
    ('Kickstarter', 'Hvem stirrer mest i timene?'),
    ('Kickstarter', 'Hvem er den mest voldelige jenta?'),
    ('Kickstarter', 'Hvem spiser mest?'),
    ('Kickstarter', 'Hvem har diggest pupper?'),
    ('Kickstarter', 'Hvem vil du danse med i kveld?'),
    ('Kickstarter', 'Hvilken jente er mest bro?'),
    ('Kickstarter', 'Hvilken gutt får du vakrast barn saman med?'),
    ('Kickstarter', 'Hvem har du et lite mye til?'),
    ('Kickstarter', 'Hvem har shava og er forberedt på alt?'),
    ('Kickstarter', 'Hvem hadde vært den beste telefonselgeren?'),
    ('Kickstarter', 'Hvem er den største fylliken?'),
    ('Kickstarter', 'Hvilken gutt får du vakrest barn med?'),
    ('Kickstarter', 'Hvem er den beste til å kysse?'),
    ('Kickstarter', 'Hvem ler mest i timen?'),
    ('Kickstarter', 'Har lyst å komme i buksa på i kveld?'),
    ('Kickstarter', 'Hvem blir raskast sjalu?'),
    ('Kickstarter', 'Hvem ligner mest på en taco?'),
    ('Kickstarter', 'Hvem har hatt sex med flest eldre?'),
    ('Kickstarter', 'Hvem har hatt trekant?'),
    ('Kickstarter', 'Hvem har hatt sex med flest årskull?'),
    ('Kickstarter', 'Hvem er mest flørtete?'),
    ('Kickstarter', 'Hvem er hyggeligst?'),
    ('Kickstarter', 'Hvem snakker mest engelsk?'),
    ('Kickstarter', 'Hvem er mest desperat etter å miste jomfrudommen?'),
    ('Kickstarter', 'Hvem er den vakreste i rommet?'),
    ('Kickstarter', 'Hvem stoler du mest på?'),
    ('Kickstarter', 'Hvem tar med seg nåken heim i kveld?'),
    ('Kickstarter', 'Hvem får kjæreste i år?'),
    ('Kickstarter', 'Hvem blir gravid først?'),
    ('Kickstarter', 'Hvem spyr i kveld?'),
    ('Kickstarter', 'Hvem slutta på studiet?'),
    ('Kickstarter', 'Hvem blir mest drita i kveld?'),
    ('Kickstarter', 'Hvem blir pappa først?'),
    ('Kickstarter', 'Hvem gifta seg først?'),
    ('Kickstarter', 'Hvem har finast lepper?'),
    ('Kickstarter', 'Hvem burde vært elevråd?'),
    ('Kickstarter', 'Hvem burde ikke vært elevråd?'),
    ('Kickstarter', 'Hvem er minst?'),
    ('Kickstarter', 'Hvem er mest langsint?'),
    ('Kickstarter', 'Hvem mest sannsynlig til å prøve anal?'),
    ('Kickstarter', 'Hvem mest sannsynlig lebisk/homofil?'),
    ('Kickstarter', 'Hvem kunne hatt sex me samme kjønn, uten å være homofil?'),
    ('Kickstarter', 'Hvem er tøffest?'),
    ('Kickstarter', 'Hvem lyser opp rommet?'),
    ('Kickstarter', 'Hvem har runka mest?'),
    ('Kickstarter', 'Hvem tar seg mest på brysta?'),
    ('Kickstarter', 'Hvem ser mest på porno?'),
    ('Kickstarter', 'Hvem finger mest?'),
    ('Kickstarter', 'Hvem drikker raskast?'),
    ('Kickstarter', 'Hvem gifter seg for penger?'),
    ('Kickstarter', 'Hvem tar plastisk operasjon?'),
    ('Kickstarter', 'Hvem tar farligst forbikjøringer?'),
    ('Kickstarter', 'Hvem hat gjort mest for å vinne et veddemål?'),
    ('Kickstarter', 'Hvem ender opp som kriminell?'),
    ('Kickstarter', 'Hvem har blitt pumpa?'),
    ('Kickstarter', 'Hvem er den beste sjåføren?'),
    ('Kickstarter', 'Hvem handler mest på salg?'),
    ('Kickstarter', 'Hvem er jomfru lengst?'),
    ('Kickstarter', 'Hvem ville du vært på en øde øy med?'),
    ('Kickstarter', 'Hvem er det største talentet?'),
    ('Kickstarter', 'Hvem er minst flink til å bruke prevensjon?'),
    ('Kickstarter', 'Hvem slutter på studiet'),
    ('Kickstarter', 'Hvem har mest kinky sex?'),
    ('Kickstarter', 'Hvem har en kjønnssykdom akkurat nå?'),
    ('Kickstarter', 'Hvem har hatt flest orgasmer?'),
    ('Kickstarter', 'Hvem sprer mest rykter?'),
    ('Kickstarter', 'Hvem er dagens 0?'),
    ('Kickstarter', 'Hvem er gravid akkurat nå?'),
    ('Kickstarter', 'Hvem har shavet og er forberedt på alt?'),
    ('Kickstarter', 'Hvem har klippekort på abortklinikken?'),
    ('Kickstarter', 'Hvem er mest sannsynlig til å ha trekant med tvillinger?'),
    ('Kickstarter', 'Hvem er mest ubesluttsom?'),
    ('Kickstarter', 'Hvem er en golddigger?'),
    ('Kickstarter', 'Hvem har du lyst å komme i buksa på i kveld?'),
    ('Kickstarter', 'Hvem er mest kåt?'),
    ('Kickstarter', 'Hvem får du vakrest barn med?'),
    ('Kickstarter', 'Hvem er mest hang imorgen?'),
    ('Kickstarter', 'Hvem har blitt pumpa?'),
    ('Kickstarter', 'Hvem bruker mest tid på å shave pikken/fitta?'),
    ('Kickstarter', 'Hvem er mest fuckboy?'),
    ('Kickstarter', 'Hvem lager de sykeste lydene i senga?'),
    ('Kickstarter', 'Hvem er mest luremus?'),
    ('Kickstarter', 'Hvem har de sykeste fetishene?'),
    ('Kickstarter', 'Hvem er mest fornøyd med eget utseende?'),
    ('Kickstarter', 'Hvem ser mest på porno?'),
    ('Kickstarter', 'Hvem fingrer mest?'),
    ('Kickstarter', 'Hvem spyr ikveld?'),
    ('Kickstarter', 'Hvem havner på rommet til hosten med noen ikveld?'),
    ('Kickstarter', 'Hvem er mest sjalu?'),
    ('Kickstarter', 'Hvem tar mest drugs?'),
    ('Kickstarter', 'Hvem har spenstige tits?'),
    ('Kickstarter', 'Hvem snakker minst?'),
    ('Kickstarter', 'Hvem gir mest til veldedighet?'),
    ('Kickstarter', 'Hvem spurter den mest massive cumshoten?'),
    ('Kickstarter', 'Hvem får klamma i øyet av den mest massive cumshoten?'),
    ('Kickstarter', 'Hvem dauver av kreft?'),
    ('Kickstarter', 'Hvem hadde sex sist?'),
    ('Kickstarter', 'Hvem runker mest?'),
    ('Kickstarter', 'Hvem har thiccest ass?'),
    ('Kickstarter', 'Hvem kommer raskest?'),
    ('Kickstarter', 'Hvem kom i puberteten sist?'),
    ('Kickstarter', 'Hvem har størst pikk?'),
    ('Kickstarter', 'Hvem driver mest blasfemi?'),
    ('Kickstarter', 'Hvem blir forelder først?'),
    ('Kickstarter', 'Hvem vinner Farmen?'),
    ('Kickstarter', 'Hvem kramper neste år?'),
    ('Kickstarter', 'Hvem har du et godt øye til?'),
    ('Kickstarter', 'Hvem har hatt det vanskeligste livet?'),
    ('Kickstarter', 'Hvem er mest lilla?'),
    ('Kickstarter', 'Hvem er mest desp?'),
    ('Kickstarter', 'Hvem griner mest?'),
    ('Kickstarter', 'Hvem blir sendt ut av Ex on The Beach av Padden?'),
    ('Kickstarter', 'Hvem er dårligst på å holde hemmeligheter?'),
    ('Kickstarter', 'Hvem er hyggeligere enn de ser ut som?'),
    ('Kickstarter', 'Hvem er den største nevemagneten?'),
    ('Kickstarter', 'Hvem er største snaphora?'),
    ('Kickstarter', 'Hvem klår mest?'),
    ('Kickstarter', 'Hvem bryr seg minst om hvem de hooker med?'),
    ('Kickstarter', 'Hvem mista jomfrudommen først?'),
    ('Kickstarter', 'Hvem vil du se naken?'),
    ('Kickstarter', 'Hvem tar seg mest på puppene sine?'),
    ('Kickstarter', 'Hvem har flest psykiske lidelser?'),
    ('Kickstarter', 'Hvem skaper mest drama i hotellet?'),
    ('Kickstarter', 'Hvem savner RT mest?'),
    ('Kickstarter', 'Hvem investerer mest aksjer?'),
    ('Kickstarter', 'Hvem dauver av overdose?'),
    ('Kickstarter', 'Hvem har dårligst humor?'),
    ('Kickstarter', 'Hvem ødelegger mest?'),
    ('Kickstarter', 'Hvem er mest sannsynlig til å spille inn porno film?'),
    ('Kickstarter', 'Hvem hadde banga broren/søsteren sin?'),
    ('Kickstarter', 'Hvem er mest dramaqueen?'),
    ('Kickstarter', 'Hvem har mange soveplasser?'),
    ('Kickstarter', 'Hvem gifter seg med en som har gått på BI?');

INSERT INTO "Voters"
    ("UserDeviceId", "GameId", "Vote")
VALUES 
    ('device_1', 'Kickstarter', 1),
    ('device_2', 'Kickstarter', 1),
    ('device_3', 'Kickstarter', 1),
    ('device_4', 'Kickstarter', 1),
    ('device_5', 'Kickstarter', 1),
    ('device_6', 'Kickstarter', 1),
    ('device_7', 'Kickstarter', 1),
    ('device_8', 'Kickstarter', 1),
    ('device_9', 'Kickstarter', 1),
    ('device_10', 'Kickstarter', 1),
    ('device_11', 'Kickstarter', 1),
    ('device_12', 'Kickstarter', 1),
    ('device_13', 'Kickstarter', 1),
    ('device_14', 'Kickstarter', 1),
    ('device_15', 'Kickstarter', 1),
    ('device_16', 'Kickstarter', 1),
    ('device_17', 'Kickstarter', 1),
    ('device_18', 'Kickstarter', 1),
    ('device_19', 'Kickstarter', 0),
    ('device_20', 'Kickstarter', 0),
    ('device_21', 'Kickstarter', 0),
    ('device_22', 'Kickstarter', 0),
    ('device_23', 'Kickstarter', 0),
    ('device_24', 'Kickstarter', 0),
    ('device_25', 'Kickstarter', 0);


INSERT INTO "Games"
    ("GameId", "GameStarted", "PublicGame", "IconImage", "NumberOfQuestions", "CreatorId")
VALUES
    ('Uvenner', true, true, 'DIRTY', 60, 'Creator');

INSERT INTO "Questions"
    ("GameId", "QuestionStr")
VALUES
    ('Uvenner', 'Hvem lager de gøyeste vorsene?'),
    ('Uvenner', 'Hvem bruker mest penger på byen?'),
    ('Uvenner', 'Hvem har finest kjønnsorgan?'),
    ('Uvenner', 'Hvem er mest harry?'),
    ('Uvenner', 'Hvem er mest dirty?'),
    ('Uvenner', 'Hvem har sykeste fetishen?'),
    ('Uvenner', 'Hvem gir snusboksen videre med et kyss?'),
    ('Uvenner', 'Hvem er alltid med på fylla?'),
    ('Uvenner', 'Hvem kjører mest brannbil?'),
    ('Uvenner', 'Hvem er mest luremus?'),
    ('Uvenner', 'Hvem mistet jomfrudommen først?'),
    ('Uvenner', 'Hvem mistet jomfrudommen sist?'),
    ('Uvenner', 'Hvem har flest sexleketøy?'),
    ('Uvenner', 'Hvem kunne kjøpt sex?'),
    ('Uvenner', 'Hvem har mest sexy antrekk?'),
    ('Uvenner', 'Hvem gir best rimjob?'),
    ('Uvenner', 'Hvem sender flest nudes?'),
    ('Uvenner', 'Hvem mottar flest nudes?'),
    ('Uvenner', 'Hvem har en dilf/milf?'),
    ('Uvenner', 'Hvem har sexet flest fra Tinder?'),
    ('Uvenner', 'Hvem svelger alltid?'),
    ('Uvenner', 'Hvem kommer flest ganger i løpet av en økt?'),
    ('Uvenner', 'Hvem har flest ONS?'),
    ('Uvenner', 'Hvem har sugd en hund for 100.000 kr?'),
    ('Uvenner', 'Hvem blir ferdig på 2 minutter?'),
    ('Uvenner', 'Hvem svetter mest under sex?'),
    ('Uvenner', 'Hvem har hatt sex med flest?'),
    ('Uvenner', 'Hvem er festens sugeguri?'),
    ('Uvenner', 'Hvem er festens slikkerolf?'),
    ('Uvenner', 'Hvem vil du komme i buksa på i kveld?'),
    ('Uvenner', 'Hvem sovner under sex?'),
    ('Uvenner', 'Hvem liker BDSM?'),
    ('Uvenner', 'Hvem er mest kreativ i loppekassa?'),
    ('Uvenner', 'Hvem jobber mest på byen?'),
    ('Uvenner', 'Hvem er best å ha sex med i rommet?'),
    ('Uvenner', 'Hvem får mest oppmerksomhet på byen?'),
    ('Uvenner', 'Hvem får oftest whiskydick?'),
    ('Uvenner', 'Hvem blir mest ulik seg selv på fylla?'),
    ('Uvenner', 'Hvem chugger raskest?'),
    ('Uvenner', 'Hvem blir mest rejecta på byen?'),
    ('Uvenner', 'Hvem shotter mest?'),
    ('Uvenner', 'Hvem er beste wingman/woman?'),
    ('Uvenner', 'Hvem er villest på vors?'),
    ('Uvenner', 'Hvem barberer seg sjeldnest?'),
    ('Uvenner', 'Hvem er vorsets kamasutra?'),
    ('Uvenner', 'Hvem har onanert før vors?'),
    ('Uvenner', 'Hvem har sugd den mest massive black anaconda''en?'),
    ('Uvenner', 'Hvem går alltid tilbake til exen?'),
    ('Uvenner', 'Hvem er kåtest i rommet?'),
    ('Uvenner', 'Hvem kunne meldt seg på Ex on the Beach?'),
    ('Uvenner', 'Hvem er lettest på tråden?'),
    ('Uvenner', 'Hvem deler sexlivet sitt med alle?'),
    ('Uvenner', 'Hvem faker flest orgasmer?'),
    ('Uvenner', 'Hvem er høylytt i sengen?'),
    ('Uvenner', 'Hvem får oftest fylleangst?'),
    ('Uvenner', 'Hvem er den største goldiggeren?'),
    ('Uvenner', 'Hvem er den største cougaren?'),
    ('Uvenner', 'Hvem ville sexet faren/moren til en venn?'),
    ('Uvenner', 'Hvem kunne solgt brukte truser på nett?'),
    ('Uvenner', 'Hvem shopper flest angrepiller?'),
    ('Uvenner', 'Hvem er oftest å se på helsestasjonen?'),
    ('Uvenner', 'Hvem loker mest rundt på Pornhub?'),
    ('Uvenner', 'Hvem bruker buttpluggen flittigst?'),
    ('Uvenner', 'Hvem er minst kresen?'),
    ('Uvenner', 'Hvem ble utestengt under en trekant?');    

INSERT INTO "Voters"
    ("UserDeviceId", "GameId", "Vote")
VALUES 
    ('device_1', 'Uvenner', 1),
    ('device_2', 'Uvenner', 1),
    ('device_3', 'Uvenner', 1),
    ('device_4', 'Uvenner', 1),
    ('device_5', 'Uvenner', 1),
    ('device_6', 'Uvenner', 1),
    ('device_7', 'Uvenner', 1),
    ('device_8', 'Uvenner', 1),
    ('device_9', 'Uvenner', 1),
    ('device_10', 'Uvenner', 1),
    ('device_11', 'Uvenner', 1),
    ('device_12', 'Uvenner', 1),
    ('device_13', 'Uvenner', 1),
    ('device_14', 'Uvenner', 1),
    ('device_15', 'Uvenner', 1),
    ('device_16', 'Uvenner', 1),
    ('device_17', 'Uvenner', 1),
    ('device_18', 'Uvenner', 1),
    ('device_19', 'Uvenner', 1),
    ('device_20', 'Uvenner', 1),
    ('device_21', 'Uvenner', 1),
    ('device_22', 'Uvenner', 0),
    ('device_23', 'Uvenner', 0),
    ('device_24', 'Uvenner', 0),
    ('device_25', 'Uvenner', 0);